"","region","gdp_percap"
"1","Arusha ",3528
"2","Dar es Salaam",4415
"3","Dodoma ",1830
"4","Iringa ",4080
"5","Kagera ",1786
"6","Kigoma ",1757
"7","Kilimanjaro ",3583
"8","Lindi ",3100
"9","Manyara ",2930
"10","Mara ",2707
"11","Mbeya ",4236
"12","Morogoro ",2795
"13","Mtwara ",2871
"14","Mwanza ",3145
"15","Pwani ",2133
"16","Rukwa ",2863
"17","Ruvuma ",3693
"18","Shinyanga ",2275
"19","Singida ",1744
"20","Songwe ",2272
"21","Tabora ",2092
"22","Tanga ",2964
"23","Tanzania (Mainland)",2915
